KZAKM: Akmola
KZAKS: city Aksay
KZAKSU: city Aksu
KZAKT: Aktobe
KZAKY: village Akay
KZALA: Almaty city
KZALM: Almaty
KZARK: city Arkalık
KZATB: city Aktobe
KZATR: city Atyrau
KZATY: Atyrau
KZBEI: village Beineu
KZBER: village Berezovka
KZBLH: city Balkhash
KZBOR: SKFM «Borovoe»
KZEBT: city Ekibastuz
KZGLU: village Glubokoye
KZKAR: Karagandy
KZKAT: city Karatau
KZKBL: Karabalyk
KZKET: city Kentau
KZKLS: Kulsary
KZKOR: village Kordai
KZKOS: city Kostanay
KZKRG: city Karagandy
KZKSH: City Kokshetau
KZKUS: Kostanay
KZKZL: city Kyzylorda
KZKZY: Kyzylorda
KZMAN: Mangistau
KZNS: Astana city
KZONT: Ontustik Kazakhstan
KZPAV: Pavlodar
KZPVL: city Pavlodar
KZRDD: city Ridder
KZRDN: city Rudny
KZSEM: city Semey
KZSEV: Soltustik Kazakhstan
KZSHB: SHBKZ
KZSHU: Shu city
KZSHY: Shymkent city
KZSRB: village Sarıbulak
KZSRN: city Saran
KZSTG: City Stepnogorsk
KZTDK: city Taldıkorgan
KZTMT: city Temirtau
KZTRT: village Toretam
KZTRZ: city Taraz
KZTUR: city Turkistan
KZURL: city Uralsk
KZUSK: city Ust-Kamenogorsk
KZVOS: Shygys Kazakhstan
KZYAN: village Yanvartsevo
KZYUZ: Turkistan
KZZAP: Batys Kazakhstan
KZZHA: Zhambyl
KZZHK: city Zhezkazgan
KZZHO: city Zhanaozen
KZZHR: city Zhitikara
KZZHT: city Zhanatas
KZZRV: city Zyryanovsk
KZABY: Abai
KZZHS: Zhetisu
KZULU: Ulytau
REF_AREA: Regions
